{
  "exact_match": 0.0,
  "valid_sql": 1.0,
  "exec_success": 0.0,
  "exec_match": 0.0,
  "avg_latency_ms": 202.60828336079916,
  "avg_jaccard_id": 0.16337902837902843
}